"ORDER_DATE","IMPRESSION_SEQUENCE","ORDER_COUNT","SESSION_COUNT","ADVERTISER_COUNT","CONV_COUNT","AD_SPEND"
"2024-01-18","first_day","51970","66305","181649","630",10261.77
"2024-01-18","subsequent_over_half_week","9412","22815","62437","167",2626.48
"2024-01-18","subsequent_under_half_week","6426","10978","30022","147",1818
"2024-01-19","first_day","53348","66852","186342","682",12594.5
"2024-01-19","subsequent_over_half_week","10034","23831","66909","272",4557.21
"2024-01-19","subsequent_under_half_week","7195","12267","35529","156",2606
"2024-01-20","first_day","50995","63862","179361","681",14224.54
"2024-01-20","subsequent_over_half_week","9267","21594","59094","146",2888.71
"2024-01-20","subsequent_under_half_week","7550","13268","39719","95",2054.98
"2024-01-21","first_day","50508","64046","178079","643",11421.87
"2024-01-21","subsequent_over_half_week","7740","16975","46911","134",3100
"2024-01-21","subsequent_under_half_week","7347","13253","37680","95",1696
"2024-01-22","first_day","57597","72841","199266","769",14421.26
"2024-01-22","subsequent_over_half_week","7155","15882","43904","119",2588.48
"2024-01-22","subsequent_under_half_week","6567","11493","31408","104",2323
"2024-01-23","first_day","46828","59847","162664","562",11141.9
"2024-01-23","subsequent_over_half_week","6589","15507","42751","127",2391.51
"2024-01-23","subsequent_under_half_week","5496","9421","26182","88",1564
"2024-01-24","first_day","37883","47444","129601","459",9459.47
"2024-01-24","subsequent_over_half_week","5710","12509","35583","114",2357.08
"2024-01-24","subsequent_under_half_week","4708","8189","22394","70",1402.72
"2024-01-25","first_day","34369","41858","110362","393",6796.89
"2024-01-25","subsequent_over_half_week","8259","19608","53444","161",3023.5
"2024-01-25","subsequent_under_half_week","5925","10621","29868","86",1947
"2024-01-26","first_day","41541","52010","140455","487",9046.93
"2024-01-26","subsequent_over_half_week","10514","26966","71688","167",2675
"2024-01-26","subsequent_under_half_week","7092","12805","35906","108",2021.48
"2024-01-27","first_day","45869","57708","156099","578",10411.17
"2024-01-27","subsequent_over_half_week","8519","21093","58004","227",3888.35
"2024-01-27","subsequent_under_half_week","6990","12741","36159","79",1122.96
"2024-01-28","first_day","46737","59321","161487","569",12043.18
"2024-01-28","subsequent_over_half_week","7094","16242","44558","140",2458.52
"2024-01-28","subsequent_under_half_week","7206","13285","37193","103",1945.48
"2024-01-29","first_day","47176","60386","162669","560",11517.38
"2024-01-29","subsequent_over_half_week","6684","15730","43005","149",2932.48
"2024-01-29","subsequent_under_half_week","7317","13671","38341","168",3085.98
"2024-01-30","first_day","47871","61694","164567","550",11240.98
"2024-01-30","subsequent_over_half_week","6886","16021","43605","170",2911.5
"2024-01-30","subsequent_under_half_week","7010","13103","35679","123",2678.5
"2024-01-31","first_day","49810","63726","169436","603",12471.59
"2024-01-31","subsequent_over_half_week","8022","19441","53104","169",2791.01
"2024-01-31","subsequent_under_half_week","6158","10985","28666","125",2227.95
"2024-02-01","first_day","47139","60827","158347","571",11590.2
"2024-02-01","subsequent_over_half_week","7782","18630","50262","154",2456
"2024-02-01","subsequent_under_half_week","5403","9351","24717","61",1269.75
"2024-02-02","first_day","42777","54570","146819","620",11428.42
"2024-02-02","subsequent_over_half_week","7328","17172","48185","188",2828.37
"2024-02-02","subsequent_under_half_week","5539","9779","26867","96",1940.51
"2024-02-03","first_day","43813","54831","147506","681",14022.44
"2024-02-03","subsequent_over_half_week","7958","19227","52298","201",3940
"2024-02-03","subsequent_under_half_week","6390","11392","32716","122",2266.73
"2024-02-04","first_day","44573","56410","155643","587",10572.41
"2024-02-04","subsequent_over_half_week","6903","16631","46001","128",2008.46
"2024-02-04","subsequent_under_half_week","6965","13116","35675","147",2760.46
"2024-02-05","first_day","47575","61889","166181","602",10864.98
"2024-02-05","subsequent_over_half_week","7203","17494","48016","153",2430.74
"2024-02-05","subsequent_under_half_week","7816","15259","42043","124",2098.94
"2024-02-06","first_day","48555","63750","170338","684",12823.24
"2024-02-06","subsequent_over_half_week","6877","16755","47250","165",2503.94
"2024-02-06","subsequent_under_half_week","7566","14498","38891","121",1832.98
"2024-02-07","first_day","44526","57948","157989","632",12099.52
"2024-02-07","subsequent_over_half_week","6865","16913","47072","163",1900
"2024-02-07","subsequent_under_half_week","6326","11575","30705","112",1519
"2024-02-08","first_day","53069","70053","179674","688",11475.08
"2024-02-08","subsequent_over_half_week","8658","20400","55276","168",2211.5
"2024-02-08","subsequent_under_half_week","6002","10408","27281","101",1907.97
"2024-02-09","first_day","50104","67310","196194","655",11187.43
"2024-02-09","subsequent_over_half_week","10029","27921","88579","216",2578.5
"2024-02-09","subsequent_under_half_week","7314","14357","48201","109",1336.97
"2024-02-10","first_day","49039","65406","206214","825",13678.01
"2024-02-10","subsequent_over_half_week","10635","33014","112343","267",3508.99
"2024-02-10","subsequent_under_half_week","8876","17324","63143","133",2112
"2024-02-11","first_day","49379","63898","187292","672",10900.83
"2024-02-11","subsequent_over_half_week","8763","24075","76936","209",2862.48
"2024-02-11","subsequent_under_half_week","7905","14770","48709","155",2255.75
"2024-02-12","first_day","49791","66342","198241","720",10222.99
"2024-02-12","subsequent_over_half_week","8749","24613","78109","188",2259.1
"2024-02-12","subsequent_under_half_week","8090","15240","48063","137",2008.87
"2024-02-13","first_day","52065","68582","199615","819",12276.9
"2024-02-13","subsequent_over_half_week","8711","23229","72758","186",2188.98
"2024-02-13","subsequent_under_half_week","7876","14591","45660","138",1600.4
"2024-02-14","first_day","52671","68784","195302","762",10986.36
"2024-02-14","subsequent_over_half_week","9547","26572","79677","197",2581.39
"2024-02-14","subsequent_under_half_week","7529","13281","40452","106",1395.47
"2024-02-15","first_day","52087","67347","192565","690",10357.73
"2024-02-15","subsequent_over_half_week","10273","27689","80051","239",2851.96
"2024-02-15","subsequent_under_half_week","6715","11800","35407","104",1427
"2024-02-16","first_day","60738","77916","216605","857",11487.55
"2024-02-16","subsequent_over_half_week","11206","31047","91888","228",2858.76
"2024-02-16","subsequent_under_half_week","8010","14053","41175","112",1332.1
"2024-02-17","first_day","60341","75587","214007","849",12512.42
"2024-02-17","subsequent_over_half_week","10558","29062","83000","261",3077
"2024-02-17","subsequent_under_half_week","9243","16298","48618","122",1555.38
"2024-02-18","first_day","60145","75535","214480","854",12912.62
"2024-02-18","subsequent_over_half_week","8939","24348","72243","180",2243.09
"2024-02-18","subsequent_under_half_week","9258","17026","47444","155",2127.5
"2024-02-19","first_day","65322","83194","234003","982",13779.61
"2024-02-19","subsequent_over_half_week","8349","22169","63244","182",1992.5
"2024-02-19","subsequent_under_half_week","9493","17535","48425","136",1644.5
"2024-02-20","first_day","59325","75471","199288","795",12213.07
"2024-02-20","subsequent_over_half_week","7516","20176","59046","146",1853
"2024-02-20","subsequent_under_half_week","6811","12873","36815","89",1104.74
"2024-02-21","first_day","45218","58671","155597","692",10008.67
"2024-02-21","subsequent_over_half_week","6532","17082","50951","137",1750
"2024-02-21","subsequent_under_half_week","5543","10304","29107","80",1043.5
"2024-02-22","first_day","44849","55545","150928","586",7520.01
"2024-02-22","subsequent_over_half_week","7035","19033","55842","136",1386.9
"2024-02-22","subsequent_under_half_week","4119","7413","20788","61",527
"2024-02-23","first_day","40879","48891","132618","568",8324.1
"2024-02-23","subsequent_over_half_week","6301","16942","49896","136",1480
"2024-02-23","subsequent_under_half_week","3126","5328","14989","35",467.01
"2024-02-24","first_day","39638","47265","130308","569",8595.97
"2024-02-24","subsequent_over_half_week","6281","17014","48980","118",1332
"2024-02-24","subsequent_under_half_week","3410","6100","17534","58",673
"2024-02-25","first_day","40010","47532","132098","549",7490.87
"2024-02-25","subsequent_over_half_week","6086","16057","47502","122",1450.07
"2024-02-25","subsequent_under_half_week","3488","6141","17362","49",466.11
"2024-02-26","first_day","42212","50301","139688","566",7891.28
"2024-02-26","subsequent_over_half_week","6155","15976","47356","107",1275.01
"2024-02-26","subsequent_under_half_week","3615","6802","19437","50",618
"2024-02-27","first_day","44769","53955","144091","540",7217.9
"2024-02-27","subsequent_over_half_week","5809","14651","42563","126",1614.5
"2024-02-27","subsequent_under_half_week","3788","6625","18082","51",789
"2024-02-28","first_day","46736","56121","146159","666",8471.61
"2024-02-28","subsequent_over_half_week","6027","15253","44158","110",1427.98
"2024-02-28","subsequent_under_half_week","4211","7414","20006","61",848.08
"2024-02-29","first_day","50584","60850","161565","635",8811.32
"2024-02-29","subsequent_over_half_week","7154","18287","52095","131",1338.98
"2024-02-29","subsequent_under_half_week","4430","7706","21330","44",751
"2024-03-01","first_day","46792","57795","158520","623",9478.26
"2024-03-01","subsequent_over_half_week","7519","20615","58902","186",2436.6
"2024-03-01","subsequent_under_half_week","4692","8569","24900","66",592.72
"2024-03-02","first_day","56007","67831","184056","738",12396.78
"2024-03-02","subsequent_over_half_week","7788","20562","57999","201",2036.44
"2024-03-02","subsequent_under_half_week","5444","9917","29325","107",1710.5
"2024-03-03","first_day","46853","56646","154334","588",9138.49
"2024-03-03","subsequent_over_half_week","6267","16387","45197","142",1716.5
"2024-03-03","subsequent_under_half_week","5148","9605","28298","78",1168
"2024-03-04","first_day","46377","56990","155609","559",8573.95
"2024-03-04","subsequent_over_half_week","5805","14967","41323","117",1399.94
"2024-03-04","subsequent_under_half_week","5191","9826","28279","73",1095.72
"2024-03-05","first_day","45564","56307","153841","767",10353.11
"2024-03-05","subsequent_over_half_week","5626","14196","38637","135",1323.72
"2024-03-05","subsequent_under_half_week","4816","8947","25131","100",1083.98
"2024-03-06","first_day","47569","58856","162075","1019",12752.33
"2024-03-06","subsequent_over_half_week","6231","15927","44826","112",1063
"2024-03-06","subsequent_under_half_week","4868","9080","24162","114",984
"2024-03-07","first_day","49373","60849","160552","886",11521.97
"2024-03-07","subsequent_over_half_week","6430","17048","48026","167",1483.6
"2024-03-07","subsequent_under_half_week","4380","7624","19820","92",717.2
"2024-03-08","first_day","46116","57205","141926","880",10668.27
"2024-03-08","subsequent_over_half_week","7335","20577","57616","361",3348.77
"2024-03-08","subsequent_under_half_week","4101","7085","18437","100",1042.31
"2024-03-09","first_day","47553","58019","143860","833",11635.64
"2024-03-09","subsequent_over_half_week","7407","20460","56910","380",3482.6
"2024-03-09","subsequent_under_half_week","4552","7862","21455","102",956.7
"2024-03-10","first_day","43983","53803","133362","577",7448.73
"2024-03-10","subsequent_over_half_week","6207","16651","45431","334",3340.98
"2024-03-10","subsequent_under_half_week","4669","8517","22582","86",939.25
"2024-03-11","first_day","41884","51927","130611","621",8538.66
"2024-03-11","subsequent_over_half_week","5862","15088","42560","287",2541.28
"2024-03-11","subsequent_under_half_week","4887","9249","24745","70",619.1
"2024-03-12","first_day","40357","49724","121902","613",8217.53
"2024-03-12","subsequent_over_half_week","5692","14593","40613","228",2229.18
"2024-03-12","subsequent_under_half_week","4235","8065","20978","70",792
"2024-03-13","first_day","47383","57588","139367","762",10532.88
"2024-03-13","subsequent_over_half_week","6453","16913","47335","202",1690.82
"2024-03-13","subsequent_under_half_week","4475","8293","21123","67",911.5
"2024-03-14","first_day","49983","61137","144167","769",9562.93
"2024-03-14","subsequent_over_half_week","8169","21228","59507","186",1936.01
"2024-03-14","subsequent_under_half_week","4261","7420","19082","81",807
"2024-03-15","first_day","50695","62024","148521","717",9418.47
"2024-03-15","subsequent_over_half_week","10160","27758","77701","218",3011.54
"2024-03-15","subsequent_under_half_week","4275","7268","18828","84",881
"2024-03-16","first_day","45624","55615","136354","668",8336.88
"2024-03-16","subsequent_over_half_week","9639","26195","73639","245",2389.44
"2024-03-16","subsequent_under_half_week","4552","7796","20778","70",443.1
"2024-03-17","first_day","46062","56178","135132","780",9610.9
"2024-03-17","subsequent_over_half_week","8779","22801","63424","155",2186.58
"2024-03-17","subsequent_under_half_week","4899","8691","22883","67",749.42
"2024-03-18","first_day","46509","56765","139847","802",7617.54
"2024-03-18","subsequent_over_half_week","8897","24001","65862","190",2583.4
"2024-03-18","subsequent_under_half_week","5547","9880","25443","74",849.98
"2024-03-19","first_day","43066","52679","129754","545",8865.12
"2024-03-19","subsequent_over_half_week","8534","23332","65116","118",2090.98
"2024-03-19","subsequent_under_half_week","5402","9436","24951","48",848
"2024-03-20","first_day","43483","53533","130636","497",7666.33
"2024-03-20","subsequent_over_half_week","9337","26206","72372","99",1532.5
"2024-03-20","subsequent_under_half_week","6177","10727","27909","64",1245
"2024-03-21","first_day","47985","60686","145531","508",7454.45
"2024-03-21","subsequent_over_half_week","10803","29596","82799","140",1637.9
"2024-03-21","subsequent_under_half_week","6585","11389","29660","75",1338.01
"2024-03-22","first_day","48782","62375","153439","562",9249.7
"2024-03-22","subsequent_over_half_week","11674","33154","91692","198",2784.11
"2024-03-22","subsequent_under_half_week","6035","10350","27366","98",1646
"2024-03-23","first_day","48870","61383","150247","533",8470.46
"2024-03-23","subsequent_over_half_week","11311","30841","85144","166",2447.56
"2024-03-23","subsequent_under_half_week","7164","12149","32940","92",994.01
"2024-03-24","first_day","45975","57548","140070","516",7754.48
"2024-03-24","subsequent_over_half_week","9408","24774","68546","131",1857.04
"2024-03-24","subsequent_under_half_week","7367","13091","34796","125",1852.24
"2024-03-25","first_day","45848","58341","143125","532",7942.19
"2024-03-25","subsequent_over_half_week","8730","23307","65074","116",1803.21
"2024-03-25","subsequent_under_half_week","7713","13874","36524","106",1398.8
"2024-03-26","first_day","46321","58628","139898","629",9066.82
"2024-03-26","subsequent_over_half_week","8569","23084","64269","74",1399.47
"2024-03-26","subsequent_under_half_week","6453","11408","29463","55",803.01
"2024-03-27","first_day","43764","55907","138693","553",7663.71
"2024-03-27","subsequent_over_half_week","9782","26625","74053","119",1470.6
"2024-03-27","subsequent_under_half_week","6838","11881","30627","62",967.94
"2024-03-28","first_day","46859","59238","144100","527",7750.66
"2024-03-28","subsequent_over_half_week","11045","30480","85628","117",1754.48
"2024-03-28","subsequent_under_half_week","6280","10562","27321","54",1120.05
"2024-03-29","first_day","44297","55860","137778","425",7289.9
"2024-03-29","subsequent_over_half_week","10702","29696","84706","117",1716.01
"2024-03-29","subsequent_under_half_week","5125","8491","22208","39",771.5
"2024-03-30","first_day","40285","49908","123021","382",5955.3
"2024-03-30","subsequent_over_half_week","9966","27567","79322","118",2036.78
"2024-03-30","subsequent_under_half_week","5844","9788","26211","41",735.51
"2024-03-31","first_day","37962","47238","117223","333",6022.72
"2024-03-31","subsequent_over_half_week","8905","23328","66929","89",1501.5
"2024-03-31","subsequent_under_half_week","6590","11908","31975","73",1375
"2024-04-01","first_day","43531","55218","136824","355",6028.15
"2024-04-01","subsequent_over_half_week","9154","23933","68374","104",1523.5
"2024-04-01","subsequent_under_half_week","8053","14967","39699","65",1239.6
"2024-04-02","first_day","41654","53500","133007","376",6943.51
"2024-04-02","subsequent_over_half_week","8879","22947","65225","89",1167.08
"2024-04-02","subsequent_under_half_week","6666","11643","31308","65",958.5
"2024-04-03","first_day","38888","49817","123958","355",5845.72
"2024-04-03","subsequent_over_half_week","8615","22350","63281","64",902
"2024-04-03","subsequent_under_half_week","6316","11207","29706","62",799.04
"2024-04-04","first_day","40871","52072","127524","421",6739.27
"2024-04-04","subsequent_over_half_week","9504","24672","68615","86",1373
"2024-04-04","subsequent_under_half_week","5936","10328","27532","40",675.5
"2024-04-05","first_day","37335","47052","117009","347",5299.62
"2024-04-05","subsequent_over_half_week","10099","26839","75378","84",1076.95
"2024-04-05","subsequent_under_half_week","5010","8572","23399","35",663.5
"2024-04-06","first_day","40255","50089","126207","372",6211.54
"2024-04-06","subsequent_over_half_week","10155","26922","75225","75",1092.01
"2024-04-06","subsequent_under_half_week","6120","10119","27502","40",675.1
"2024-04-07","first_day","40310","49725","126816","369",6513.38
"2024-04-07","subsequent_over_half_week","8708","21513","59184","47",595.98
"2024-04-07","subsequent_under_half_week","7061","12416","33007","65",820.5